Name,Position,id,link,"Goals   
     ","Goals per match   
       ","Headed goals   
     ","Goals with right foot   
     ","Goals with left foot   
     ","Penalties scored   
     ","Freekicks scored   
     ","Shots   
     ","Shots on target   
     ","Shooting accuracy %   
       ","Hit woodwork   
     ","Big chances missed   
     ","Assists   
     ","Passes   
     ","Passes per match   
       ","Big chances created   
     ","Crosses   
     ","Cross accuracy %   
       ","Through balls   
     ","Accurate long balls   
     ","Yellow cards   
     ","Red cards   
     ","Fouls   
     ","Offsides   
     ","Tackles   
     ","Tackle success %   
       ","Blocked shots   
     ","Interceptions   
     ","Clearances   
     ","Headed Clearance   
     ","Recoveries   
     ","Duels won   
     ","Duels lost   
     ","Successful 50/50s   
     ","Aerial battles won   
     ","Aerial battles lost   
     ","Errors leading to goal   
     "
Erik-Lamela,Midfielder,4842,https://www.premierleague.com/players/4842/Erik-Lamela/stats?co=1&se=79,2,0.08,0,0,2,0,0,20,6,30,1,3,2,446,17.84,4,25,32,5,12,4,0,24,3,23,57,6,7,4,4,49,68,86,23,6,14,0
Victor-Wanyama,Midfielder,4816,https://www.premierleague.com/players/4816/Victor-Wanyama/stats?co=1&se=79,1,0.06,0,1,0,0,0,12,3,25,0,0,0,617,34.28,0,2,0,1,37,2,0,13,0,30,67,2,10,20,13,78,74,63,18,18,15,1
Eric-Dier,Midfielder,4112,https://www.premierleague.com/players/4112/Eric-Dier/stats?co=1&se=79,0,0.00,0,0,0,0,0,32,7,22,1,1,2,"2,248",66.12,3,26,19,2,164,4,0,23,1,61,70,9,48,82,46,170,163,127,13,83,62,2
Moussa-Sissoko,Midfielder,4549,https://www.premierleague.com/players/4549/Moussa-Sissoko/stats?co=1&se=79,1,0.03,0,0,1,0,0,19,8,42,0,3,1,869,26.33,2,19,21,3,29,3,0,23,3,23,74,5,9,21,16,108,64,70,18,16,17,0
Mousa-Dembele,Midfielder,4123,https://www.premierleague.com/players/4123/Mousa-Dembele/stats?co=1&se=79,0,0.00,0,0,0,0,0,11,3,27,0,0,0,"1,422",50.79,0,1,100,1,37,6,0,48,0,36,67,4,33,12,7,181,141,136,68,9,16,0
Dele-Alli,Midfielder,9167,https://www.premierleague.com/players/9167/Dele-Alli/stats?co=1&se=79,9,0.25,0,6,3,0,0,69,17,25,1,8,10,"1,251",34.75,16,18,17,15,39,7,0,43,5,46,65,21,19,18,10,181,202,265,44,30,52,1
Christian-Eriksen,Midfielder,4845,https://www.premierleague.com/players/4845/Christian-Eriksen/stats?co=1&se=79,10,0.27,0,4,6,0,0,97,39,40,1,2,10,"2,258",61.03,15,222,23,24,134,0,0,14,1,51,57,37,31,17,3,227,118,177,29,18,27,0
Josh-Onomah,Midfielder,7490,https://www.premierleague.com/players/7490/Josh-Onomah/stats?co=1&se=79,0,0.00,0,0,0,0,0,0,0,0,0,0,0,0,0.00,0,0,0,0,0,0,0,0,0,0,0,0,0,0,0,0,0,0,0,0,0,0
Harry-Winks,Midfielder,7488,https://www.premierleague.com/players/7488/Harry-Winks/stats?co=1&se=79,0,0.00,0,0,0,0,0,3,0,0,0,0,1,642,40.13,1,10,20,4,35,0,0,8,0,15,80,1,11,8,3,53,34,33,8,4,6,0
Filip-Lesniak,Midfielder,16550,https://www.premierleague.com/players/16550/Filip-Lesniak/stats?co=1&se=79,0,0.00,0,0,0,0,0,0,0,0,0,0,0,0,0.00,0,0,0,0,0,0,0,0,0,0,0,0,0,0,0,0,0,0,0,0,0,0
Luke-Amos,Midfielder,15128,https://www.premierleague.com/players/15128/Luke-Amos/stats?co=1&se=79,0,0.00,0,0,0,0,0,0,0,0,0,0,0,0,0.00,0,0,0,0,0,0,0,0,0,0,0,0,0,0,0,0,0,0,0,0,0,0
Will-Miller,Midfielder,16549,https://www.premierleague.com/players/16549/Will-Miller/stats?co=1&se=79,0,0.00,0,0,0,0,0,0,0,0,0,0,0,0,0.00,0,0,0,0,0,0,0,0,0,0,0,0,0,0,0,0,0,0,0,0,0,0
Anthony-Georgiou,Midfielder,15146,https://www.premierleague.com/players/15146/Anthony-Georgiou/stats?co=1&se=79,0,0.00,0,0,0,0,0,0,0,0,0,0,0,0,0.00,0,0,0,0,0,0,0,0,0,0,0,0,0,0,0,0,0,0,0,0,0,0
Tashan-Oakley-Boothe,Midfielder,15140,https://www.premierleague.com/players/15140/Tashan-Oakley-Boothe/stats?co=1&se=79,0,0.00,0,0,0,0,0,0,0,0,0,0,0,0,0.00,0,0,0,0,0,0,0,0,0,0,0,0,0,0,0,0,0,0,0,0,0,0
Lucas-Moura,Midfielder,5762,https://www.premierleague.com/players/5762/Lucas-Moura/stats?co=1&se=79,0,0.00,0,0,0,0,0,5,2,40,0,0,1,113,18.83,0,1,0,0,1,0,0,4,0,4,50,1,2,2,2,12,21,23,6,4,1,0
