Name,Position,id,link,"Clean sheets   
     ","Goals conceded   
     ","Tackles   
     ","Tackle success %   
       ","Last man tackles   
     ","Blocked shots   
     ","Interceptions   
     ","Clearances   
     ","Headed Clearance   
     ","Clearances off line   
     ","Recoveries   
     ","Duels won   
     ","Duels lost   
     ","Successful 50/50s   
     ","Aerial battles won   
     ","Aerial battles lost   
     ","Own goals   
     ","Errors leading to goal   
     ","Assists   
     ","Passes   
     ","Passes per match   
       ","Big chances created   
     ","Crosses   
     ","Cross accuracy %   
       ","Through balls   
     ","Accurate long balls   
     ","Yellow cards   
     ","Red cards   
     ","Fouls   
     ","Offsides   
     ","Goals   
     ","Headed goals   
     ","Goals with right foot   
     ","Goals with left foot   
     ","Hit woodwork   
     "
Kyle-Walker,Defender,3955,https://www.premierleague.com/players/3955/Kyle-Walker/stats?co=1&se=79,14,22,47,66,0,3,29,67,40,0,175,161,91,26,70,33,1,0,6,"2,362",73.81,6,56,9,0,87,2,1,17,2,0,0,0,0,0
Danny-Rose,Defender,3507,https://www.premierleague.com/players/3507/Danny-Rose/stats?co=1&se=79,1,14,15,73,0,3,9,10,2,1,45,58,49,11,8,5,0,0,1,378,37.80,0,57,19,0,20,4,0,12,0,0,0,0,0,0
Toby-Alderweireld,Defender,4916,https://www.premierleague.com/players/4916/Toby-Alderweireld/stats?co=1&se=79,5,13,19,68,0,1,4,50,31,0,57,40,45,6,14,29,0,0,0,915,65.36,0,7,29,1,111,3,0,8,0,0,0,0,0,0
Jan-Vertonghen,Defender,4666,https://www.premierleague.com/players/4666/Jan-Vertonghen/stats?co=1&se=79,15,31,64,64,0,12,60,170,85,0,247,235,111,30,118,66,0,0,0,"2,488",69.11,2,15,13,2,163,4,0,20,1,0,0,0,0,1
Kieran-Trippier,Defender,3905,https://www.premierleague.com/players/3905/Kieran-Trippier/stats?co=1&se=79,7,21,52,58,0,1,20,45,23,0,147,120,81,13,36,29,0,0,5,"1,266",52.75,7,122,19,5,74,1,0,18,3,0,0,0,0,0
Kevin-Wimmer,Defender,13813,https://www.premierleague.com/players/13813/Kevin-Wimmer/stats?co=1&se=79,1,32,24,71,1,1,30,78,40,0,55,51,60,2,19,24,0,0,0,504,29.65,0,2,0,0,44,5,0,20,0,0,0,0,0,0
Ben-Davies,Defender,4408,https://www.premierleague.com/players/4408/Ben-Davies/stats?co=1&se=79,12,20,47,70,0,4,28,62,33,0,110,132,118,15,45,50,0,0,6,"1,304",44.97,5,149,23,0,47,3,0,24,0,2,0,1,1,0
Kyle-Walker-Peters,Defender,13815,https://www.premierleague.com/players/13815/Kyle-Walker-Peters/stats?co=1&se=79,1,4,5,80,0,0,3,6,2,0,9,15,16,4,2,4,0,0,2,97,32.33,2,9,22,0,3,0,0,1,0,0,0,0,0,0
Cameron-Carter-Vickers,Defender,13814,https://www.premierleague.com/players/13814/Cameron-Carter-Vickers/stats?co=1&se=79,0,0,0,0,0,0,0,0,0,0,0,0,0,0,0,0,0,0,0,0,0.00,0,0,0,0,0,0,0,0,0,0,0,0,0,0
Jaden-Brown,Defender,15117,https://www.premierleague.com/players/15117/Jaden-Brown/stats?co=1&se=79,0,0,0,0,0,0,0,0,0,0,0,0,0,0,0,0,0,0,0,0,0.00,0,0,0,0,0,0,0,0,0,0,0,0,0,0
Jonathan-Dinzeyi,Defender,15122,https://www.premierleague.com/players/15122/Jonathan-Dinzeyi/stats?co=1&se=79,0,0,0,0,0,0,0,0,0,0,0,0,0,0,0,0,0,0,0,0,0.00,0,0,0,0,0,0,0,0,0,0,0,0,0,0
Davinson-Sanchez,Defender,20224,https://www.premierleague.com/players/20224/Davinson-Sanchez/stats?co=1&se=79,13,21,38,63,0,3,38,159,81,0,164,138,111,9,73,62,1,0,0,"1,867",60.23,0,3,33,0,121,1,1,25,0,0,0,0,0,0
Juan-Foyth,Defender,25309,https://www.premierleague.com/players/25309/Juan-Foyth/stats?co=1&se=79,0,0,0,0,0,0,0,0,0,0,0,0,0,0,0,0,0,0,0,0,0.00,0,0,0,0,0,0,0,0,0,0,0,0,0,0
Serge-Aurier,Defender,11293,https://www.premierleague.com/players/11293/Serge-Aurier/stats?co=1&se=79,6,12,48,56,1,3,31,48,33,0,89,127,91,15,48,29,0,0,2,776,45.65,5,68,9,1,26,1,1,21,2,2,1,1,0,0
Anton-Walkes,Defender,15119,https://www.premierleague.com/players/15119/Anton-Walkes/stats?co=1&se=79,0,0,0,0,0,0,0,0,0,0,0,0,0,0,0,0,0,0,0,0,0.00,0,0,0,0,0,0,0,0,0,0,0,0,0,0
